fit_time,predict_time,score_time,score,MAE,MSE,RMSE,feature,cpu
55574744.46296692,164769.64950561523,183643.81790161133,0.77234021764194,0.1047140536678672,0.012408949866372403,0.11139546609432721,2,Intel(R) Core(TM) i5-10300H CPU @ 2.50GHz
86766925.573349,301332.950592041,317725.18157958984,0.7089033134534818,0.08631288933701038,0.01586667681137306,0.12596299778654468,3,Intel(R) Core(TM) i5-10300H CPU @ 2.50GHz
165525055.64689636,445239.5439147949,380045.17555236816,0.05049757796927701,0.14965317411441592,0.05175410356163542,0.2274952825041333,4,Intel(R) Core(TM) i5-10300H CPU @ 2.50GHz
257805069.92340088,518825.5310058594,529631.1378479004,0.06907960393105983,0.17251167312766044,0.050741261389043266,0.22525821048086853,5,Intel(R) Core(TM) i5-10300H CPU @ 2.50GHz
397469663.6199951,727133.9893341064,844240.1885986328,-0.06331697117138257,0.18370588009718752,0.0579577422532026,0.24074414271836936,6,Intel(R) Core(TM) i5-10300H CPU @ 2.50GHz
601393635.7498169,1052035.3317260742,847762.1078491211,0.18398634022328642,0.16288341346892762,0.0444780913412211,0.21089829620274578,7,Intel(R) Core(TM) i5-10300H CPU @ 2.50GHz
1150319104.194641,1457134.2468261719,1357273.817062378,0.21280462601179206,0.16536681244600113,0.04290730593555853,0.2071407877158879,8,Intel(R) Core(TM) i5-10300H CPU @ 2.50GHz
1740420225.6202698,2189162.7311706543,2405565.9770965576,0.22649336442799695,0.14987982866762822,0.04216117999719048,0.20533187769362674,9,Intel(R) Core(TM) i5-10300H CPU @ 2.50GHz
2419059916.2578583,2059432.7449798584,1901398.1819152832,0.014621695068618212,0.17586566689015445,0.053709574254416574,0.23175326158312545,10,Intel(R) Core(TM) i5-10300H CPU @ 2.50GHz
