fit_time,predict_time,score_time,score,MAE,MSE,RMSE,feature,cpu
20054425.95481873,115475.41618347168,125190.25802612305,0.3915801458080434,0.1511606700435172,0.0331628686901725,0.1821067508088937,2,Intel(R) Core(TM) i5-10300H CPU @ 2.50GHz
54966466.426849365,249408.0066680908,210173.8452911377,-1.1105913544678367,0.2816238208856319,0.1150410583490711,0.3391770309868744,3,Intel(R) Core(TM) i5-10300H CPU @ 2.50GHz
60839156.62765503,327938.5566711426,331362.0090484619,-0.086868666994162,0.1637155878227112,0.0592414639966999,0.2433956942854576,4,Intel(R) Core(TM) i5-10300H CPU @ 2.50GHz
112191310.64414978,364673.8529205322,429775.2380371094,-0.2876778311037844,0.2070436718619192,0.0701868792313738,0.264928064257779,5,Intel(R) Core(TM) i5-10300H CPU @ 2.50GHz
197139573.8124848,650701.9996643066,499422.0733642578,0.1230910529763544,0.1536896534610241,0.0477972835091072,0.2186258985324181,6,Intel(R) Core(TM) i5-10300H CPU @ 2.50GHz
323856038.0935669,736068.0103302002,745111.9422912598,-0.0328933450633512,0.1867866258154661,0.0562994552812241,0.2372750624933521,7,Intel(R) Core(TM) i5-10300H CPU @ 2.50GHz
391809556.00738525,926671.5049743652,851800.6801605225,-0.0379760284040053,0.1868974470928365,0.0565764948272851,0.2378581401324855,8,Intel(R) Core(TM) i5-10300H CPU @ 2.50GHz
579099334.4783783,1072377.9201507568,1327578.7830352783,0.1789287215715934,0.1669143351910623,0.0447537646974987,0.2115508560547528,9,Intel(R) Core(TM) i5-10300H CPU @ 2.50GHz
897707463.5028839,2026438.474655152,2026546.0014343264,0.0015356625308828,0.1701751000857209,0.0544228487732118,0.23328705230512,10,Intel(R) Core(TM) i5-10300H CPU @ 2.50GHz
